username,userid,profile_location,created_at,text,retweet_count,source,coordinates
enomaojo,1557475638671560705,"Dallas, TX",2023-01-22 06:11:30,"@theandrewdoll @leslieebersole @DashDobrofsky Yeah, over 100 members of BLM where part of the J6 insurrectionists üòèüòè",0,Twitter for Android,
Patrick Rafferty,1585947359199911938,"Las Cruces, NM",2023-01-22 05:59:31,"@PamelaHensley22 Antifa certainly, BLM is just a morally bankrupt organization that‚Äôs swindled millions to benefit‚Ä¶ https://t.co/u6vaqe1T1K",0,Twitter for iPhone,
Reinier Mart√≠nez,3321489342,"Dallas, TX",2023-01-22 02:23:48,"#Antifa and #BLM they are back to set our cities on fire again, vandalize and loot everything in their path, but ne‚Ä¶ https://t.co/H0KzQuXMxF",0,Twitter for iPhone,
Douglas Lukasik,542044576,"Dallas, TX",2023-01-22 00:30:12,@yesh222 @keithwadeallen @Brian_Chovanec @WalshFreedom @JodyWeitzman Every Dem Congressman who ‚Äúsupported BLM prote‚Ä¶ https://t.co/ljO1YNe2OI,0,Twitter Web App,
Douglas Lukasik,542044576,"Dallas, TX",2023-01-21 18:50:00,@keithwadeallen @Brian_Chovanec @WalshFreedom @JodyWeitzman @yesh222 The idea that leftist ideology is premised on‚Ä¶ https://t.co/D92qyPOgsG,0,Twitter Web App,
Janelollipopüò∑,1357408338850549770,"Hurst, TX",2023-01-21 14:15:15,"@NathanMackBrown There‚Äôs just nothing like an old, white,disgusting, racist, judge, when your a little white killer‚Ä¶ https://t.co/pq3WRGTMLH",0,Twitter for iPhone,
Michaela,1309316216033550336,"University Park, TX",2023-01-21 13:36:35,Remaining 3 pages of the article: https://t.co/shDYLe6AsY,0,Twitter for iPhone,
Michaela,1309316216033550336,"University Park, TX",2023-01-21 13:35:24,"‚ÄúThe WEFs Agenda Is To Create a New World Order!‚Äù 

THESE SICK PIECES OF CRAP in DAVOS at the WEF (world economic f‚Ä¶ https://t.co/4dzVS2d1ue",0,Twitter for iPhone,
Jorlaxe,1610402707986124800,"Plano, TX",2023-01-21 13:29:18,@Surge79675 @DailyLoud Where just as upset when blm riots were going on?  Or cheering them on?,0,Twitter for iPhone,
John H. Perez,1566113551,"Dallas , Texas",2023-01-21 12:17:24,"@FOX4 Those coward thugs in Oak Cliff that yell blm blm are the ones who murdered her, they can‚Äôt go into hiding for long ,",0,Twitter for iPhone,
Chivas,1101967391301554177,"Dallas, TX",2023-01-21 04:34:50,@TheLegitZoker @jchriscloud @EndWokeness Damages caused by BLM riots? What about the damage caused by white mobs mu‚Ä¶ https://t.co/T0Qz0qy6Fx,0,Twitter for Android,
Cal Smith,70036795,"Plano, tx",2023-01-21 04:04:50,"@CalltoActivism OK, then every BLM and Antifa activist that participated in any of their hundreds of riots should b‚Ä¶ https://t.co/sL8JnlSzS7",0,Twitter for iPhone,
BlueDot65,1552747195803353089,"Dallas, TX",2023-01-21 03:36:26,@CaseStudyQB @ninaturner @rising @briebriejoy Rolls her eyes at dead Ukrainian Children &amp; is now comparing the pric‚Ä¶ https://t.co/E5FuQiMylh,0,Twitter for iPad,
Kevin Smith,1402230904941121536,"Dallas, TX",2023-01-21 03:12:16,Putting blm in your bio doesn‚Äôt automatically make you a good person,0,Twitter for iPhone,
BMB Empower Network,1241859777304702976,"Dallas, TX",2023-01-21 00:47:44,"#SecretaryofDefense #LloydAustin on #racial bias he's experienced throughout career
#racism #military #BLM https://t.co/natBbZJmEF",2,Twitter for iPhone,
Reinier Mart√≠nez,3321489342,"Dallas, TX",2023-01-21 00:38:52,She is only expressing herself against the racist and heteropatriarchal North American society üôÑ what I don't quite‚Ä¶ https://t.co/Xb1x5mRZFJ,1,Twitter for iPhone,
Ultra Maga Rescue Dogs,530845304,"Dallas, TX",2023-01-21 00:18:30,@foodtellsastory @MadScientistFF Beta males with BLM and Ukraine flags,0,Twitter for iPad,
Dewritten,388283637,"Dallas, TX",2023-01-20 21:39:18,"@MorosKostas Good start. Also strip FBI of police powers pending full audit, repeal patriot act, repeal Smith-Mundt‚Ä¶ https://t.co/HV2DhuJtMz",0,Twitter Web App,
Katie,259344724,"Rockwall, TX",2023-01-20 21:03:06,@Brosephchadsky @goawaycrackhead @JudexXavier @snorman1776 @mikeblacketor @goddeketal @POTUS The CDC is not politic‚Ä¶ https://t.co/e3BgacppMp,0,Twitter Web App,
Katie,259344724,"Rockwall, TX",2023-01-20 20:47:50,@Brosephchadsky @goawaycrackhead @JudexXavier @snorman1776 @mikeblacketor @goddeketal @POTUS because the blm protes‚Ä¶ https://t.co/rTZKvF1USZ,0,Twitter Web App,
Proven,1373662258547601411,"Dallas, TX",2023-01-20 20:24:03,@ZemanLynnZ @Jim_Jordan This reminds me of the argument All lives matter vs BLM and the retort is that the issue at‚Ä¶ https://t.co/nP2Qlj4ruw,0,Twitter Web App,
Mike Mills,1594442447618203648,"Dallas, TX",2023-01-20 19:28:30,@caramelization9 @MikeTaddow You clearly don‚Äôt get it. Do some research into BLM.,0,Twitter for iPhone,
Bria√±,136448812,"Dallas, TX",2023-01-20 18:28:47,"@Nolongersms Really? Fuck, I scrolled her Twitter and it looked like she supported BLM.",0,Twitter for iPhone,
"Ringo, was a great drummer",545345223,"Dallas, Texas",2023-01-20 17:09:20,"@stewartdantec @Jeffdc5 REPs always highjack terms invented by blacks to twist into white grievance. BLM, CRT‚Ä¶
Joy‚Ä¶ https://t.co/KY7Z29z0YA",6,Twitter for iPhone,
Sohnie Hill,149473812,"Dallas, TX",2023-01-20 17:06:01,"@theraginpatriot BLM is a communist organization.  Their leaders, in their own words, are trained Marxists.  The ev‚Ä¶ https://t.co/XJqkv8jeSk",0,Twitter for iPhone,
AdamTheAngler,164733140,"Dallas, TX",2023-01-20 16:53:29,"@JoeBiden Hey the clip saying ""capitol insurrection"" was actually a clip from a BLM riot.  good job.",0,Twitter Web App,
"Nona Wolf - Conservative, ""Threat to Democracy""",995281666896683008,Dallas,2023-01-20 10:34:10,"@DagnyTaggart963 While America is busy pandering to BLM thugs, Climate worshippers, and trans freaks - Russia is pr‚Ä¶ https://t.co/pwJXJA6p40",0,Twitter Web App,
Billy Williams,2480942394,"Dallas, TX",2023-01-20 05:28:59,Why did defund the police stop after Trump left office?  why aren‚Äôt there protest all over for the BLM guy who just‚Ä¶ https://t.co/OBYNw5EWZo,0,Twitter for iPhone,
@SPECIALFORCES,1561543978767491072,,2023-01-20 04:23:46,"KLAN SCARE OF BLACK FOLKS, THAT'S WHY THEY GANG UP OR CALL A CELL
NUMBER AND KILL
BLACKS ROB GROCERY
STORE IN NY.‚Ä¶ https://t.co/0Gm1VsqOcc",0,Twitter for Android,
Logan Hall,983108315466162178,"Dallas, TX",2023-01-20 02:48:19,"immediately after saint floyd‚Äôs death before the nationwide BLM extortion riots, nikki haley proclaimed ‚Äúin order t‚Ä¶ https://t.co/fkgF25mGtW",2,Twitter for iPhone,
Tuesday,30842935,"Plano, TX",2023-01-20 02:47:46,@Stuuude @falco @Genesis_Smash @dang3r_blm THEY'RE HOPING I DON'T SHOW UP FR.,0,Twitter for iPhone,
Michael Taylor,1587566398133379076,"Dallas, TX",2023-01-20 02:24:54,@LibFails Chauvin had a blm activist as a juror who lied about his affiliation. He deserves a retrial.,0,Twitter for iPhone,
Nate Fischer,21839417,"Dallas, TX",2023-01-20 00:50:37,@KeenanPeachy (After leaving our church he became a BLM activist.),0,Twitter for iPhone,
MVPentrepreneur,944153625248481281,"Dallas, TX",2023-01-19 23:58:55,"@Tuli49831072 @MiaCathell Agreed. 

But That‚Äôs also like saying ‚ÄúStop pointing out certain members in BLM from bein‚Ä¶ https://t.co/bTBCOvkWc6",0,Twitter for iPhone,
OnComics,11382442,"Dallas, TX",2023-01-19 22:10:56,"@Todd_Peterson_1 In light of the pedophilia news that has come to light this week, I think pride flag can be tabled‚Ä¶ https://t.co/lHmHBVKbLD",0,Twitter Web App,
Jacob Minter,414209202,"Garland, TX",2023-01-19 20:41:30,@CalltoActivism Yes. But only because I have successfully conditioned some racist acquaintances into being more acc‚Ä¶ https://t.co/zEpJMI74CM,0,Twitter for Android,
the ghost of Blonde,1586135210592280582,"Dallas, TX",2023-01-19 19:34:56,"@MulattaLoca We have a few churches here in Dallas displaying BLM shit and pride flags too
Smdh",0,Twitter for Android,
Jana Gegone,1519835217963454464,,2023-01-19 19:03:08,The anti establishment conservative talking heads sure know how to grift!  No difference banking off BLM vs Donald‚Ä¶ https://t.co/HnavZjE626,0,Twitter for iPhone,
Gangsta Granny üåäüá∫üá¶üíôüåª,4888780694,Dallas,2023-01-19 17:52:13,"@CandyisDandy100 @KevinMa69303102 I've cut off the racist side of my family. I WILL, #BeTheChange in this family!!‚Ä¶ https://t.co/1Ngfxl3NEh",3,Twitter Web App,
SemperReloaded,984802919542329344,"Dallas, TX",2023-01-19 17:51:40,"@Tactical_review Did he just refer to the BLM protests as ""a riot""?  BASED.",0,Twitter Web App,
Gangsta Granny üåäüá∫üá¶üíôüåª,4888780694,Dallas,2023-01-19 17:08:54,"@AreWeThereYet35 @MajorFactor2 @FedEx HE-HE-HE-HE!!! Folks you know what to do!!! üòâüòÅüò§

#BLM 
#EqualityForAll https://t.co/YDgEz7gpOs",0,Twitter Web App,
Jose Dolores üáÆüá™‚ò≠üá∑üá∫‚ò∏üá®üá≥,1258842824147005440,"Dallas, TX",2023-01-19 16:36:48,"@ArtAHammer ... that's how they killed my cousin.
11 had heart attacks.
14 couldn't stay out of traffic.
6 couldn't‚Ä¶ https://t.co/s6v0HaYlyn",0,Twitter for Android,
Mike Mills,1594442447618203648,"Dallas, TX",2023-01-19 15:56:44,@MikeTaddow You have BLM in your bio. Nothing you say matters.,0,Twitter for iPhone,
Winston Wolfe,880811478030454785,"Dallas, TX",2023-01-19 15:39:26,"@ProudElephantUS sure, if you want the BLM crowd  in Minneapolis to ""peacefully"" burn there own town down again",0,Twitter Web App,
Barbosa,1524148898322866182,"Dallas, TX",2023-01-19 14:39:10,"@checkmatestate Nope He‚Äôs being trained how to handle a weapon properly for self defense, not  how to kill for pers‚Ä¶ https://t.co/A2d1xIX1uy",0,Twitter for iPhone,
James Stephan,1548051068340252673,"Dallas, TX",2023-01-19 14:05:21,"@DC_Draino Absolutely, if we can‚Äôt pray, showing support to and for our beliefs, neither should they them shim it o‚Ä¶ https://t.co/e7KYJlAHEj",0,Twitter for iPhone,
Brad Wellington,1611504324688990208,DFW,2023-01-19 13:23:50,"@CalltoActivism BLM, Antifa, Democrat Party.  The basic losers in America.",0,Twitter for Android,
JAYE_MO,222203750,"Dallas, TX",2023-01-19 07:42:45,"@bmhochberg @laurenboebert It‚Äôs a freaking t-shirt.  It voices his personal beliefs. Don‚Äôt like it, don‚Äôt look. No‚Ä¶ https://t.co/zHUu6QCUEg",0,Twitter for iPhone,
Michael Based,1516606875151876104,"Grand Prairie, TX",2023-01-19 06:49:21,@RepJeffries Denounce BLM right now?,1,Twitter for iPhone,
1.f3,1412007852,"DFW, TX",2023-01-19 04:50:35,"@AugustinaJJD @shantyXman @chrislhayes Hey check out this thing I made up to be scared of today...

Migrant caravan‚Ä¶ https://t.co/QGI5vc28HU",0,Twitter for Android,
Kirk Brown,3319407199,"Arlington, TX",2023-01-19 04:06:34,@UsaPete2 BLM how does it feel to want? We don't owe you anything.,1,Twitter for Android,
888ü¶ã,1325680984256376833,"Dallas, TX",2023-01-19 01:32:54,not all black people have to support blm &amp; dislike/disagree w everything trump says or does.,1,Twitter for iPhone,
Jorlaxe,1610402707986124800,"Plano, TX",2023-01-19 00:46:33,@POTUS Pretty sure most of those ‚Äúnew‚Äù businesses were the ones that got shut down for the coof.  And the ones destroyed in the BLM riots.,0,Twitter for iPhone,
North American-American,1601662666904403968,"Dallas, TX",2023-01-18 23:51:35,"@CollinRugg #BLM itself should be banned.  They're criminal and do not stand for any race. 

Gay...well...no flags‚Ä¶ https://t.co/Li0An1SUZ0",0,Twitter Web App,
SHRESTHA ‡§¨‡§ø‡§ï‡•á‡§∂üá≥üáµüá∫üá∏,347036174,"Texas, USA",2023-01-18 23:51:19,@Edwin07011 Where is BLM ‚úäüèΩ activists? Where is the outrage? Or it‚Äôs just when it benefit them only ü§∑‚Äç‚ôÇÔ∏è,0,Twitter for iPhone,
Linda From Texas,759179340307243009,"Dallas, TX",2023-01-18 23:23:07,@RepMTG MAGA Super Trump supporter attended 1/6 up for 16 FELONY CHARGES on 4 House members who are Democrats after‚Ä¶ https://t.co/Gr2BcZI0mX,3,Twitter for Android,
Misty Griffin,913819271246995457,"Dallas, TX",2023-01-18 23:17:27,"@EarlyBlackwood @JeffOnTheRight üíØ
BLM AND the entire Democrat Party! That's why the Democrat Party created and promoted BLM.",0,Twitter for Android,
Misty Griffin,913819271246995457,"Dallas, TX",2023-01-18 22:55:55,@EarlyBlackwood @JeffOnTheRight I'm not against the idea of reparations. I'm against the trickery of the Democrat P‚Ä¶ https://t.co/lm82AWE7pF,0,Twitter for Android,
Jason Gordon üá∫üá∏,1123615378926657537,"Arlington, TX",2023-01-18 22:51:34,"If you have a BLM sticker on the back of your vehicle, just know you‚Äôre a loser.",0,Twitter for iPhone,
Stan Allen,20095114,Dallas,2023-01-18 22:42:59,@RepJeffries You mean like the BLM riots?,0,Twitter for Android,
Samuel,1570421399340158980,"Richardson, TX",2023-01-18 22:10:09,@Jambtik @StopAntisemites @RepRashida @StateDept @POTUS @RashidaTlaib @IlhanMN How come also the Black Supremacy le‚Ä¶ https://t.co/HR1jmOKcMh,0,Twitter for iPhone,
Nola Naomi ü´¶,744375591722434560,"Dallas,Texasüìç",2023-01-18 21:42:05,@GxldSociety üò≠üò≠this thread got me in tear it‚Äôs the blm in the bio and in the young black man home and the üëµüèª,0,Twitter for iPhone,
skineywhite,1596517630772379652,"Dallas, TX",2023-01-18 21:07:20,@CollinRugg Ban gay pride and BLM flags.,0,Twitter for iPhone,
Rotorist (Prosecute/Fauci),3110997530,"Dallas, TX",2023-01-18 21:07:09,@ApostateHymnals @CollinRugg blm and lgbt are a religion. because they cannot be wrong. nobody is allowed to criticize them.,0,Twitter for iPhone,
üá∫üá∏ Actually I prefer Gin üè¥‚Äç‚ò†Ô∏è,1095530885275942912,"DFW, TX",2023-01-18 20:52:07,@RepJeffries I have never heard you condemn Antifa / BLM violence ü§∑‚Äç‚ôÇÔ∏è,0,Twitter for iPhone,
Deplorable Batch,1379433868307046400,"Forney, TX",2023-01-18 19:14:31,@AmenWokeJesus @NoLieWithBTC @MeidasTouch BLM - Democrats / Portland riots- Democrats / all George Floyd riots - De‚Ä¶ https://t.co/yj0tCQc583,0,Twitter for iPhone,
Willysage,1353886119591600128,"Dallas, TX",2023-01-18 19:04:32,@Gloss80Official @ZachWLambert Not on the right. Just hate liars and false narratives. BLM is a racist and corrupt‚Ä¶ https://t.co/PhWP8bV7gi,0,Twitter for Android,
Liberalphobia,1488943147581378565,Dallas,2023-01-18 19:03:10,@RepJeffries Did I miss where you denounced BLM and ANTIFA?,0,Twitter Web App,
AJBPDD,1362449788143165446,"Dallas, TX",2023-01-18 18:51:33,@livewithneve @BillEllmore White supremacy groups were the antagonist at the blm protest. Like they said about anti‚Ä¶ https://t.co/wQAQhKAWtr,0,Twitter for Android,
ITGeekMonkeys,421328060,"Dallas, TX",2023-01-18 18:31:51,"When will true sports fans dump the woke, pandering professional leagues? The #NFL, #NHL, #NBA and the #MLB have sh‚Ä¶ https://t.co/ratmnaV6m2",1,Twitter Web App,
AJBPDD,1362449788143165446,"Dallas, TX",2023-01-18 17:52:51,@livewithneve @BillEllmore People who were caught on video have been prosecuted and like I said 80% OF BLM protest‚Ä¶ https://t.co/aFtVIE8QlN,0,Twitter for Android,
AJBPDD,1362449788143165446,"Dallas, TX",2023-01-18 17:47:31,"@miracledan59 @BillEllmore Same people at both. Their were 80% Caucasian at a blm protest
üò≥
https://t.co/U7lhItAGnn",0,Twitter for Android,
Kirk Brown,3319407199,"Arlington, TX",2023-01-18 17:20:50,@MayoIsSpicyy Oh BS. Are you saying that BLM and ANTIFA support the GOP?,0,Twitter for Android,
Willysage,1353886119591600128,"Dallas, TX",2023-01-18 17:15:31,@Gloss80Official @ZachWLambert I do stand against racism. Including the racists BLM leaders.,0,Twitter for Android,
John McMahan / TBL LE MC Trapper,2732714101,"Carrollton, TX ",2023-01-18 16:21:08,@TheBadBeaner I want reparations for all the damages that the BLM movement has caused over the last 3 or 4 years!,0,Twitter Web App,
@RLTW6,1586149328929931264,"Dallas, TX",2023-01-18 15:55:04,@RepJeffries Did you denounce the BLM violence? https://t.co/nqtNCeN715,0,Twitter for iPhone,
Erin Silenceüè≥Ô∏è‚Äç‚ößÔ∏èüè≥Ô∏è‚Äçüåà,741910649119199232,"Dallas, TX",2023-01-18 15:19:04,"This right here. When an organization does a Pride night, BLM night, or any other theme night and a player refuses‚Ä¶ https://t.co/YnLMWcga9x",0,Twitter for Android,
John McMahan / TBL LE MC Trapper,2732714101,"Carrollton, TX ",2023-01-18 14:58:24,@RepJeffries Now let's talk about BLM.,0,Twitter Web App,
ProudAFBrat üá∫üá∏,1352766123649990657,"Dallas, TX",2023-01-18 14:15:33,@GSwarthout @ReaITrumpNews You mean like when we believed the COVID ‚Äúvaccine‚Äù wouldn‚Äôt prevent transmission? Or whe‚Ä¶ https://t.co/6Pg1lJxeiC,0,Twitter for iPhone,
John McMahan / TBL LE MC Trapper,2732714101,"Carrollton, TX ",2023-01-18 14:14:43,@TexasExtremist I want reparations for all the damages that the BLM movement has caused over the last 3 or 4 years!,0,Twitter Web App,
Dr. Goodbelle,1459184379918532611,"Dallas, TX",2023-01-18 11:07:08,@RepJeffries Oops don‚Äôt tell that to BLM you incredible derp https://t.co/G0R7vTW3xP,0,Twitter for iPhone,
CarGam üá∫üá∏,1471644885434384393,"Dallas, TX",2023-01-18 04:55:32,"@ClownWorld_ ‚ÄúNo problems, you can get a BLM tee shirt and we‚Äôre fine with that‚Äù",0,Twitter for iPhone,
Michaela,1309316216033550336,"University Park, TX",2023-01-18 03:03:09,"ü§¨ TRAITORS &amp; TREASONISTS! 
üëéüèºüëéüèºüëéüèº https://t.co/Us3SWthP4s",0,Twitter for iPhone,
ya,2670390999,"Dallas, TX",2023-01-18 02:35:27,"@KaitlynQ2002 @theprism89 @POTUS @warriors Oh god BLM THE GAYS AND UKRAINE. You are their demo, way to go",0,Twitter for iPhone,
Antavius Anti Draughn,258080241,"Dallas, TX",2023-01-18 02:19:48,I'm literally in the same room with the iconic #AngelaDavis #BLM #Amazing,0,Twitter for Android,
Vicki Isaacks,285457657,"Near Dallas, TX",2023-01-18 02:02:13,@DJSPELL33 @charliekirk11 You mean Antifa and BLM?,0,Twitter for iPhone,
MotorMouthMark,1389258023194054661,"Dallas, Texas",2023-01-18 01:34:36,"This has been the objective all along? Find a justification to steal and be the thugs they are!! By they, In refer‚Ä¶ https://t.co/rk6IFUH8r4",0,Twitter for Android,
Stawicki Photography,1714237812,"Dallas, Texas",2023-01-18 01:01:42,@kangaroos991 I'll take him over BLM or anything related!,0,Twitter Web App,
SHRESTHA ‡§¨‡§ø‡§ï‡•á‡§∂üá≥üáµüá∫üá∏,347036174,"Texas, USA",2023-01-17 21:40:09,@LayahHeilpern What about BLM ‚úäüèø?,0,Twitter for iPhone,
Roger A Wilbanksüí¨ POST: @RogerAWilbanks,222195738,"Dallas, TX",2023-01-17 21:13:46,The irony behind all of the MAGA folks throwing down MLK quotes yesterday when if he were alive today they would be‚Ä¶ https://t.co/8Vr5OSbFHC,10,Twitter for Android,
E Lwing,2363441936,"Dallas, TX",2023-01-17 20:33:53,@KateCagle @SpecNews1SoCal Cullors and BLM has zero credibility!,0,Twitter for iPhone,
Rose üî¥üëÑüî¥,36825880,"Dallas, TX",2023-01-17 20:20:43,"@JarJarFan69 Putting aside the fact that we all learned this in Middle School/High School, does he think the people‚Ä¶ https://t.co/r1nCazpFlW",0,Twitter Web App,
TAYLOR,235033929,"Dallas, TX",2023-01-17 20:16:22,That first pic can‚Äôt be real. Who would ever suggest a giant hair pick for a blm statue? https://t.co/Nni7kol9LH,0,Twitter for iPhone,
Joshua Guevara,264705818,"Dallas, TX",2023-01-17 20:01:27,@ovoid @voteshekar @Esqueer_ During the blm riots and protests?,0,Twitter for Android,
Joshua Guevara,264705818,"Dallas, TX",2023-01-17 19:47:19,@thepearlbrady @voteshekar Did you make the same observation and complaint during the blm riots?,0,Twitter for Android,
Former Ye stan/thanks for Graduation,597653891,"Arlington, TX",2023-01-17 18:57:07,@jadedspicee This is exactly what happened with ‚Äúwoke‚Äù and ‚Äúblm‚Äù they co-opted the words and now the right uses the‚Ä¶ https://t.co/xnT0Jd2aPq,0,Twitter for iPhone,
@amuse,4239551,"Dallas, TX",2023-01-17 15:38:03,@CharlieKramarz @mallofamerica @JonathanTurley @AlanDersh The rules vary state-by-state. The Supreme Court conclude‚Ä¶ https://t.co/AByrXS80eU,0,Twitter Web App,
Cam Kirmser,1013353628,"DFW, Texas",2023-01-17 14:25:09,"But, black supremacy hate crimes are perfectly acceptable.
@JacksonLeeTX18 #BLM #BlackSupremacy #HateCrime
https://t.co/aGCajPLSLU",1,Twitter Web App,
BLM69,3119031722,Dallas TX,2023-01-17 14:18:16,@bob_freyer @Mule_Rock @GioBruno1600 The 280z was never offered as a convertible from the factory,0,Twitter Web App,
Jason Billings,60201115,"Dallas, TX",2023-01-17 14:12:15,"@Victorshi2020 Yeah, it‚Äôs just groups like BLM keeping MLK‚Äôs legacy in tact. U know with all that violence, looting‚Ä¶ https://t.co/jYLIUIPI3a",0,Twitter for iPhone,
Chancefrank,1599247567270957056,"Dallas, TX",2023-01-17 13:00:33,@blueheartedly Sure when ANTIFA and BLM are on there as well,0,Twitter for iPhone,
GinaMaria,1600343876623114240,"Dallas, TX",2023-01-17 12:28:48,@WoodrowForCO BLM is a farce and scam. Follow the money... No black communities benefitted from the millions donate‚Ä¶ https://t.co/xDsppKib7r,0,Twitter for Android,
Bernard Silverman,22897055,"Dallas, TX",2023-01-17 11:38:53,"@lindyli The same people who decided to pick on Dr. Fauci also target BLM, CRT, misinterpreted ""wokeness"" and a bun‚Ä¶ https://t.co/PtC5nqL3ku",6,Twitter Web App,
Pete Altera,1577493055921422338,"Dallas, Texas",2023-01-17 10:13:14,"@realMikeLindell Get rid of that ugly mush. Makes you look like BLM!

I hope you become RNC chair!  Good Luck!",0,Twitter Web App,
Sam,2752231427,,2023-01-17 06:39:02,@LinReddehase @ToThEmOOn4Me @CPhenom69 Kate doesn‚Äôt look or sound like BLM at all! She was and is being transparent‚Ä¶ https://t.co/KHIKWolthO,0,Twitter for iPhone,
SheEspn,385539470,"Dallas, TX",2023-01-17 06:07:54,"@NatGeoPR I love this show. Catching up on episode about White Supremacists - terrible. Yet, would ask a show on re‚Ä¶ https://t.co/vbbxfp4gXV",0,Twitter for iPhone,
Freeze,3153078510,"Dallas, TX",2023-01-17 05:45:06,@hasanthehun Chinese company banning for BLM promotion shouldn‚Äôt be a surprise tbh,0,Twitter for iPhone,
TheBlaze,10774652,"Dallas, TX",2023-01-17 03:30:32,Twitter excoriates Adam Schiff for posting misleading video of arrest of BLM founder's cousin that led to his death https://t.co/ybLrqo5ukd,45,dlvr.it,
BLM69,3119031722,Dallas TX,2023-01-17 03:23:25,@LockerRoomLOL That makes me soft üòÜ,0,Twitter Web App,
BLM69,3119031722,Dallas TX,2023-01-17 03:19:18,"@G1CAM Good plan, bad execution üòÇ",0,Twitter Web App,
BLM69,3119031722,Dallas TX,2023-01-17 03:07:00,"@betcheswildin The best ass I've ever seen in Texas was at a Walmart, about 5 years back üòÜ",0,Twitter Web App,
BLM69,3119031722,Dallas TX,2023-01-17 03:04:51,@RealMattCouch Youngsters gotta learn the hard way,0,Twitter Web App,
"Rev. Kate Morgan, M.A. TESOL üåæü•úüå±üçéü•≠üå∂üåµüá∫üá≥üßº",1222416324049145856,Dallas ,2023-01-17 03:01:07,"https://t.co/YmQ0digav7

I‚Äôm satisfied only the Bush line might know our memento Mori and I‚Äôm satisfied I was a hig‚Ä¶ https://t.co/RpKDGmSEyZ",0,Twitter Web App,
Carl,1151879386985062400,"Dallas, TX",2023-01-17 03:01:00,"@FoxNews By activist, you mean radical leftist blm wack jobs.",0,Twitter for Android,
BLM69,3119031722,Dallas TX,2023-01-17 02:59:49,@DailyLoud That's more than she made her whole rap career,0,Twitter Web App,
TheBlaze,10774652,"Dallas, TX",2023-01-17 02:48:32,Twitter excoriates Rep. Adam Schiff for posting a misleading video of the arrest of BLM founder's cousin that led t‚Ä¶ https://t.co/yDY5BtoLf3,51,Buffer,
Michaela,1309316216033550336,"University Park, TX",2023-01-16 20:45:33,"ACTION!:  ‚≠êÔ∏è CALL YOUR CONGRESSPERSONS &amp; TELL THEM TO EXPELL RACIST SHEILA JACKSON-LEE! 
- she is one EVIL POS!

‚ÄòR‚Ä¶ https://t.co/oSXs2knmiP",0,Twitter for iPhone,
Michaela,1309316216033550336,"University Park, TX",2023-01-16 20:29:26,"- ü§¨ These are some sick MF‚Äôs at the WEF (world economic forum)!!
- And you want these Bastards to control our lives‚Ä¶ https://t.co/uUuO75phIX",0,Twitter for iPhone,
Michaela,1309316216033550336,"University Park, TX",2023-01-16 19:46:47,"Soros &amp; Schwab sick?
Or,‚Ä¶
If not, ‚Ä¶ if I were one of those people at the WEF, I‚Äôd be worried.
üòÆ https://t.co/xcvCJtUufp",0,Twitter for iPhone,
Lonnie Walker üá∫üá∏,281895726,"Abilene, Texas",2023-01-16 19:30:46,"@hakeemjeffries Even if what you say happened, democrats have far worse stains on them.  They are the party that started the KKK and BLM.",0,Twitter for Android,
TTL,1497422915394056193,"Dallas, TX",2023-01-16 19:21:27,@ericareport Floyd started the burning of our cities by BLM... another corrupted entity https://t.co/Um3gzxeoF8,0,Twitter for iPhone,
Red Eagle Politics,1089308757035794432,DFW,2023-01-16 19:19:01,Glad to see less conservatives than there were in years past openly blindly revering a Marxist today who would be s‚Ä¶ https://t.co/Sw35LPBsgS,35,Twitter for iPhone,
Michaela,1309316216033550336,"University Park, TX",2023-01-16 19:13:59,"‚≠êÔ∏è PLEASE HELP DONATE! ‚≠êÔ∏è
Even if it‚Äôs $5. üôèüèº
‚ù§Ô∏è‚Äçü©π
I just donated. These people are Angels!! üòá‚Ä¶ https://t.co/0fv3sXZSAE",0,Twitter for iPhone,
Michaela,1309316216033550336,"University Park, TX",2023-01-16 18:41:51,"‚≠êÔ∏è‚≠êÔ∏è TAKE A LOOK AT THIS !!
Wow!!!
- OUR COUNTRY HAS A HUGE FINANCIAL PROBLEM !!
ü§¨ü§¨  BIDEN &amp; CONGRESS ARE KEEPING I‚Ä¶ https://t.co/m7d14vLljf",0,Twitter for iPhone,
Michaela,1309316216033550336,"University Park, TX",2023-01-16 18:28:34,"‚ÅâÔ∏è Do you have a Tracking Device on your vehicle that you don‚Äôt know about ??
and ‚ÅâÔ∏è Does it have an Ignition Power‚Ä¶ https://t.co/i41C10lugA",0,Twitter for iPhone,
Michaela,1309316216033550336,"University Park, TX",2023-01-16 18:11:17,@JamesMelville Bafoon &amp; not our legal president.,0,Twitter for iPhone,
Michaela,1309316216033550336,"University Park, TX",2023-01-16 18:10:38,"‚≠êÔ∏è‚≠êÔ∏è 30 minutes WORTH YOUR TIME!! ‚ù§Ô∏è‚Äçü©π‚ù§Ô∏è‚Äçü©π
- The TRUTH about CLIMATE CHANGE! üôèüèºüôèüèº

https://t.co/1IFdnfQB5H",0,Twitter for iPhone,
C B,1494078583601569796,DFW TEXAS,2023-01-16 17:39:41,@realDailyWire @benshapiro How dare you pay attention to what the elites are doing! You should be a good mind slave‚Ä¶ https://t.co/nvQktLENO9,0,Twitter for Mac,
BX (XRP) ü§∑üèæ‚Äç‚ôÇÔ∏è,185037668,"Dallas, TX",2023-01-16 17:04:56,"@libsoftiktok Fake outrage. 

Although i'm black, I'm wise enough to know BLM has been overthrown by radical leftis‚Ä¶ https://t.co/I14W4gPcoQ",0,Twitter Web App,
Warpath2022,1595477985615831042,"Dallas, TX",2023-01-16 16:22:26,"@RepAdamSchiff As usual, Liddle Adam Schiff, is only providing the public a section of the #KeenanAnderson arrest v‚Ä¶ https://t.co/5XeAobGvqW",0,Twitter Web App,
@amuse,4239551,"Dallas, TX",2023-01-16 15:35:47,On this day of remembrance let us commit to stop judging people by the color of their skin and instead judge them b‚Ä¶ https://t.co/BkiTWf1MHd,22,Twitter Web App,
jsr72748,17608829,Dallas,2023-01-16 15:23:54,Anyone can be memorialized when they no longer pose a threat. SCLC in 1960s is what BLM is today; continued struggl‚Ä¶ https://t.co/VtZFfRE0dw,0,Twitter for iPhone,
"Dyezz Surveillance & Access, Inc.",1270863088221290496,"Dallas, TX",2023-01-16 15:00:48,"Martin Luther King Jr. Day 

#martinlutherking #mlk #blacklivesmatter #martinlutherkingjr #malcolmx #mlkday‚Ä¶ https://t.co/E9I3m3ruE8",0,SocialPilot.co,
HullabalooChaosRagnarok,1174189509434576896,"Dallas, TX",2023-01-16 14:41:58,@Ms_TayTae @ninjalilith @youlovemil Actually some states passed laws that you can hit ppl blocking traffic in the s‚Ä¶ https://t.co/piO5lbSNsJ,0,Twitter for Android,
Joseph Boaz,2815117250,"Dallas, TX",2023-01-16 13:37:35,"@NewDayForNJ @Faithfulone77 I bet they wouldn‚Äôt harass him if his shirt said something about blm, Islam, lgbtq, kil‚Ä¶ https://t.co/PkTgm8SZml",0,Twitter for iPad,
Mrs. Schemmel,1279229348478943233,"Highland Park, TX",2023-01-16 11:34:38,"@DMohr81048365 @kishyboo22 @DiamondandSilk Unless her sister was muttered by a police officer, I‚Äôm confused as to w‚Ä¶ https://t.co/IcrlqKafRh",0,Twitter for iPhone,
Pamela Chapman,1586219306920153090,"Dallas, TX",2023-01-16 06:43:35,@HeatherLynnTX84 Of course we do‚Ä¶that just makes sense! Pride and BLM have no business on any of our buildings!,0,Twitter for iPhone,
the pale horse,824840969233301504,"Dallas, TX",2023-01-16 04:00:45,@kangaroos991 As long as we include politicians involved in the BLM riots,0,Twitter for iPhone,
Thad Bartholow,251753228,"Dallas, Texas",2023-01-16 02:56:44,"@TimothyImholt Roe v Wade overruled (Dobbs), Gorsuch Instead of Garland, Citizens United, Arbitration clauses in ev‚Ä¶ https://t.co/gQQwnF0hbd",0,Twitter Web App,
Patriot,54268561,"Grapevine, TX",2023-01-16 02:42:49,"@caslernoel It comes down to parenting. Look at Chicago or any city, the BLM riots burning down cities, any shootin‚Ä¶ https://t.co/5glqw7I0qL",0,Twitter for iPhone,
E Lwing,2363441936,"Dallas, TX",2023-01-16 02:36:19,Don‚Äôt allow jack asses cause you to go to jail! Imagine spending 50 years of your life in a cell behind BLM bull sh‚Ä¶ https://t.co/dIZ9J37PEK,0,Twitter for iPhone,
John Doe,2610971460,Dallas,2023-01-16 01:44:10,@HeatherLynnTX84 Only state or federal flags should be flown over official buildings. It is a means for identifying‚Ä¶ https://t.co/LARQHVG5BP,0,Twitter for Android,
Marcus Gonzalez,1587276867199008771,"Dallas, TX",2023-01-16 00:56:06,@JohnL4 What people in the inner cities want is more police presence and less people from the suburbs and a scam ar‚Ä¶ https://t.co/p1fOyXAquW,0,Twitter for Android,
Tired Tank Main | ‚ú®Ô∏èü•ÄKrystalü•Ä‚ú®Ô∏è,847183031324545024,"Dallas, TX",2023-01-15 23:05:42,"Hard to pick between GNB, WHM, and BLM! Love them all pretty equally tbh. https://t.co/IUWd0QW9zL",0,Twitter Web App,
Alice Wise,1599232865585307648,"Rockwall, TX",2023-01-15 20:48:59,"@Simi28_ All except for Pelosi and those she conspired with to entrap unwitting Patriots, like the Antifa and BLM m‚Ä¶ https://t.co/KZykmliU9e",0,Twitter for iPhone,
Scott Carbone,202454134,"Dallas, TX",2023-01-15 18:52:23,"The day of the year where those who condemn BLM, claim they care about civil liberties and the promotion of justice‚Ä¶ https://t.co/D919FcUFT8",0,Twitter for iPhone,
Barbosa,1524148898322866182,"Dallas, TX",2023-01-15 17:40:46,@HeatherLynnTX84 We‚Äôve been flying the American Flag since the beginning. No BLM! No Pride! This is America Damn It‚Ä¶ https://t.co/2NmyUPw7mo,0,Twitter for iPhone,
mike taddow,124663869,"DFW, TX",2023-01-15 17:30:39,"annual reminder for üåüsomeüåü folk: 

if you post an mlk quote and/or his picture, thank you for wholeheartedly suppor‚Ä¶ https://t.co/D0ybKr7ess",4,Twitter for iPhone,
David Bilder,487230318,"Dallas, TX",2023-01-15 15:44:08,"@JacksonThoreau @CSojourner @ErrolWebber @tonyddpg @RepJeffries Good to know that of the 9000 protests only 7%, 630‚Ä¶ https://t.co/7Zswr3iMZo",0,Twitter for iPhone,
TTL,1497422915394056193,"Dallas, TX",2023-01-15 15:09:46,@HeatherLynnTX84 BLM burn our country for 2 yrs https://t.co/bL3wuDSqke,0,Twitter for iPhone,
Bruce Sopas,144736629,"Dallas, TX",2023-01-15 06:15:50,"@WilliamHBart @marcoatlarge @JoJoFromJerz Wow, so much stupid in so few characters.  We are a democracy in the form‚Ä¶ https://t.co/EsPI94nxFs",0,Twitter for Android,
Sherry,1586130934914588693,"Arlington, TX",2023-01-15 00:14:36,"@knotthatone They Did Go After The Trouble Makers.
All those groups that are Demanding of D.C's time.
ANTIFA
BLM
LG‚Ä¶ https://t.co/tS72FfQO0A",0,Twitter Web App,
